{
    "data":{
        "index":{
            "itemSize":1,
            "type":"Uint16Array",
            "array":[0,1,2,3,4,5,6,7,8,9,10,11,12,13,14,15,16,17,0,18,1,3,19,4,6,20,7,9,21,10,12,22,13,15,23,16]
        },
        "groups":[{
            "count":36,
            "materialIndex":0,
            "start":0
        }],
        "attributes":{
            "position":{
                "itemSize":3,
                "type":"Float32Array",
                "array":[-2.11514,5.56777,1.39342,-2.11514,-0.400984,-2.30971,-2.11514,-0.400984,1.39342,-2.11514,5.56777,-2.30971,2.61924,-0.400984,-2.30971,-2.11514,-0.400984,-2.30971,2.61924,5.56777,-2.30971,2.61924,-0.400984,1.39342,2.61924,-0.400984,-2.30971,2.61924,5.56777,1.39342,-2.11514,-0.400984,1.39342,2.61924,-0.400984,1.39342,2.61924,-0.400984,-2.30971,-2.11514,-0.400984,1.39342,-2.11514,-0.400984,-2.30971,-2.11514,5.56777,-2.30971,2.61924,5.56777,1.39342,2.61924,5.56777,-2.30971,-2.11514,5.56777,-2.30971,2.61924,5.56777,-2.30971,2.61924,5.56777,1.39342,-2.11514,5.56777,1.39342,2.61924,-0.400984,1.39342,-2.11514,5.56777,1.39342]
            },
            "normal":{
                "itemSize":3,
                "type":"Float32Array",
                "array":[-1,0,0,-1,0,0,-1,0,0,0,-3.99445e-08,-1,0,-3.99445e-08,-1,0,-3.99445e-08,-1,1,-0,0,1,-0,0,1,-0,0,0,3.99445e-08,1,0,3.99445e-08,1,0,3.99445e-08,1,0,-1,0,0,-1,0,0,-1,0,0,1,-0,0,1,-0,0,1,-0,-1,0,0,-0,-3.99445e-08,-1,1,0,0,-0,3.99445e-08,1,0,-1,0,0,1,0]
            }
        }
    },
    "metadata":{
        "version":3,
        "type":"BufferGeometry",
        "position":24,
        "normal":24,
        "generator":"io_three"
    }
}